,Mean %CPU,Mean % Memoria utilizada,Mean Capacidad de memoria utilizada,load,threads
0,26.33703703703704,13.488003703703704,1090117.3333333333,37500,3
