,Mean %CPU,Mean % Memoria utilizada,Mean Capacidad de memoria utilizada,load,threads
0,94.76119402985074,13.371501492537314,1080707.2835820895,50000,2
