,Mean %CPU,Mean % Memoria utilizada,Mean Capacidad de memoria utilizada,load,threads
0,25.589285714285715,12.338342857142857,1974197.2857142857,25000,2
