,Mean %CPU,Mean % Memoria utilizada,Mean Capacidad de memoria utilizada,load,threads
0,9.438571428571429,13.578387142857142,1097422.0571428572,37500,1
