,Mean %CPU,Mean % Memoria utilizada,Mean Capacidad de memoria utilizada,load,threads
0,95.3030303030303,13.356045454545455,1079456.9696969697,50000,4
