,Mean %CPU,Mean % Memoria utilizada,Mean Capacidad de memoria utilizada,load,threads
0,76.75555555555556,13.532222222222224,1093691.111111111,37500,9
