,Mean %CPU,Mean % Memoria utilizada,Mean Capacidad de memoria utilizada,load,threads
0,99.26666666666667,13.616333333333335,1100489.3333333333,25000,12
