,Mean %CPU,Mean % Memoria utilizada,Mean Capacidad de memoria utilizada,load,threads
0,17.615384615384617,13.449346153846152,1086992.3076923077,25000,2
