,Mean %CPU,Mean % Memoria utilizada,Mean Capacidad de memoria utilizada,load,threads
0,25.623886639676115,12.396924291497978,1983570.2672064777,62500,2
