,Mean %CPU,Mean % Memoria utilizada,Mean Capacidad de memoria utilizada,load,threads
0,26.172727272727272,13.462835227272727,1088083.0454545454,62500,3
