,Mean %CPU,Mean % Memoria utilizada,Mean Capacidad de memoria utilizada,load,threads
0,17.58235294117647,13.48080294117647,1089534.9411764706,37500,2
