,Mean %CPU,Mean % Memoria utilizada,Mean Capacidad de memoria utilizada,load,threads
0,76.29473684210525,13.541321052631579,1094426.5263157894,50000,9
