,Mean %CPU,Mean % Memoria utilizada,Mean Capacidad de memoria utilizada,load,threads
0,51.13418803418804,12.450213675213677,1992095.982905983,75000,4
