,Mean %CPU,Mean % Memoria utilizada,Mean Capacidad de memoria utilizada,load,threads
0,94.85714285714286,13.339307142857146,1078104.2857142857,50000,12
