,Mean %CPU,Mean % Memoria utilizada,Mean Capacidad de memoria utilizada,load,threads
0,93.46153846153847,13.332853846153844,1077583.076923077,25000,2
