,Mean %CPU,Mean % Memoria utilizada,Mean Capacidad de memoria utilizada,load,threads
0,9.372297297297298,13.505524324324323,1091533.2162162163,50000,1
