,Mean %CPU,Mean % Memoria utilizada,Mean Capacidad de memoria utilizada,load,threads
0,13.114988814317673,12.31544004474273,1970532.4653243849,62500,1
