,Mean %CPU,Mean % Memoria utilizada,Mean Capacidad de memoria utilizada,load,threads
0,26.140816326530615,13.473740816326528,1088964.6530612244,50000,3
