,Mean %CPU,Mean % Memoria utilizada,Mean Capacidad de memoria utilizada,load,threads
0,75.9972972972973,12.460210810810812,1993695.5675675676,37500,6
