,Mean %CPU,Mean % Memoria utilizada,Mean Capacidad de memoria utilizada,load,threads
0,34.916071428571435,13.537441071428573,1094112.9285714286,62500,4
