,Mean %CPU,Mean % Memoria utilizada,Mean Capacidad de memoria utilizada,load,threads
0,9.603703703703705,13.574118518518517,1097077.037037037,25000,1
