,Mean %CPU,Mean % Memoria utilizada,Mean Capacidad de memoria utilizada,load,threads
0,35.63529411764706,13.96428823529412,1128611.5294117648,37500,4
