,Mean %CPU,Mean % Memoria utilizada,Mean Capacidad de memoria utilizada,load,threads
0,51.656060606060606,13.539584848484848,1094285.5757575757,75000,6
