,Mean %CPU,Mean % Memoria utilizada,Mean Capacidad de memoria utilizada,load,threads
0,99.85333333333332,13.596433333333334,1098879.7333333334,50000,12
