,Mean %CPU,Mean % Memoria utilizada,Mean Capacidad de memoria utilizada,load,threads
0,51.01999999999998,12.411455555555555,1985894.4888888889,37500,4
