,Mean %CPU,Mean % Memoria utilizada,Mean Capacidad de memoria utilizada,load,threads
0,13.233082706766917,12.87897067669173,2060701.3533834587,37500,1
