,Mean %CPU,Mean % Memoria utilizada,Mean Capacidad de memoria utilizada,load,threads
0,13.236363636363635,12.643616666666665,2023041.1666666667,50000,1
