,Mean %CPU,Mean % Memoria utilizada,Mean Capacidad de memoria utilizada,load,threads
0,99.8609756097561,13.633814634146338,1101901.268292683,75000,12
