,Mean %CPU,Mean % Memoria utilizada,Mean Capacidad de memoria utilizada,load,threads
0,94.53867403314918,13.373485359116021,1080866.817679558,75000,1
