,Mean %CPU,Mean % Memoria utilizada,Mean Capacidad de memoria utilizada,load,threads
0,51.72558139534883,13.520988372093024,1092782.8837209302,62500,6
