,Mean %CPU,Mean % Memoria utilizada,Mean Capacidad de memoria utilizada,load,threads
0,95.62903225806451,13.367379032258066,1080373.677419355,75000,6
