,Mean %CPU,Mean % Memoria utilizada,Mean Capacidad de memoria utilizada,load,threads
0,17.612173913043478,13.443199130434783,1086495.8608695653,62500,2
