,Mean %CPU,Mean % Memoria utilizada,Mean Capacidad de memoria utilizada,load,threads
0,17.596685082872927,13.46419944751381,1088193.4364640885,75000,2
