,Mean %CPU,Mean % Memoria utilizada,Mean Capacidad de memoria utilizada,load,threads
0,26.092307692307696,13.53858205128205,1094205.0256410257,75000,3
