,Mean %CPU,Mean % Memoria utilizada,Mean Capacidad de memoria utilizada,load,threads
0,26.577777777777776,13.443877777777779,1086551.5555555555,25000,3
