,Mean %CPU,Mean % Memoria utilizada,Mean Capacidad de memoria utilizada,load,threads
0,34.89393939393939,13.793518181818182,1114809.5757575757,50000,4
