,Mean %CPU,Mean % Memoria utilizada,Mean Capacidad de memoria utilizada,load,threads
0,76.09041095890412,12.448334246575342,1991795.7808219178,50000,6
