,Mean %CPU,Mean % Memoria utilizada,Mean Capacidad de memoria utilizada,load,threads
0,95.77777777777777,13.331805555555556,1077498.2222222222,75000,12
