,Mean %CPU,Mean % Memoria utilizada,Mean Capacidad de memoria utilizada,load,threads
0,94.48550724637681,13.427808695652175,1085257.5652173914,50000,1
