,Mean %CPU,Mean % Memoria utilizada,Mean Capacidad de memoria utilizada,load,threads
0,99.88214285714285,13.609239285714287,1099915.4285714286,62500,12
