,Mean %CPU,Mean % Memoria utilizada,Mean Capacidad de memoria utilizada,load,threads
0,34.904444444444444,13.547500000000001,1094925.5555555555,75000,4
