,Mean %CPU,Mean % Memoria utilizada,Mean Capacidad de memoria utilizada,load,threads
0,76.53541666666666,13.560899999999998,1096008.6666666667,75000,9
