,Mean %CPU,Mean % Memoria utilizada,Mean Capacidad de memoria utilizada,load,threads
0,76.13368421052633,12.440017894736842,1990464.7789473685,75000,6
