,Mean %CPU,Mean % Memoria utilizada,Mean Capacidad de memoria utilizada,load,threads
0,25.64689655172414,12.374202068965516,1979933.7655172413,50000,2
