,Mean %CPU,Mean % Memoria utilizada,Mean Capacidad de memoria utilizada,load,threads
0,51.02022471910112,12.425755056179776,1988182.4719101123,50000,4
