,Mean %CPU,Mean % Memoria utilizada,Mean Capacidad de memoria utilizada,load,threads
0,99.99290322580644,12.469009677419354,1995103.4322580646,75000,8
