,Mean %CPU,Mean % Memoria utilizada,Mean Capacidad de memoria utilizada,load,threads
0,17.5485294117647,13.418076470588236,1084464.7647058824,50000,2
