,Mean %CPU,Mean % Memoria utilizada,Mean Capacidad de memoria utilizada,load,threads
0,95.55294117647058,13.30550117647059,1075372.2352941176,75000,4
