,Mean %CPU,Mean % Memoria utilizada,Mean Capacidad de memoria utilizada,load,threads
0,93.96296296296296,13.392496296296299,1082403.7037037036,25000,1
