,Mean %CPU,Mean % Memoria utilizada,Mean Capacidad de memoria utilizada,load,threads
0,35.07142857142857,13.448614285714285,1086933.142857143,25000,4
