,Mean %CPU,Mean % Memoria utilizada,Mean Capacidad de memoria utilizada,load,threads
0,76.07317073170732,12.452478861788617,1992458.3739837399,62500,6
