,Mean %CPU,Mean % Memoria utilizada,Mean Capacidad de memoria utilizada,load,threads
0,76.81176470588237,13.579976470588235,1097549.8823529412,62500,9
