,Mean %CPU,Mean % Memoria utilizada,Mean Capacidad de memoria utilizada,load,threads
0,94.7215909090909,13.334347727272728,1077703.7045454546,75000,2
