,Mean %CPU,Mean % Memoria utilizada,Mean Capacidad de memoria utilizada,load,threads
0,75.98571428571428,12.471742857142859,1995540.857142857,25000,6
