,Mean %CPU,Mean % Memoria utilizada,Mean Capacidad de memoria utilizada,load,threads
0,9.326693227091633,13.487561354581675,1090081.1952191235,62500,1
